<Backups xmlns="http://www.microsoft.com/GroupPolicy/GPOOperations/Manifest" xmlns:mfst="http://www.microsoft.com/GroupPolicy/GPOOperations/Manifest" mfst:version="1.0"><BackupInst><GPOGuid><![CDATA[{427A9130-2C96-4A7C-8692-448B8C5FBD25}]]></GPOGuid><GPODomain><![CDATA[CIS.BM]]></GPODomain><GPODomainGuid><![CDATA[{09a94884-59a0-4a2a-8795-69a6bc23c4e7}]]></GPODomainGuid><GPODomainController><![CDATA[WindowsBMDC.CIS.BM]]></GPODomainController><BackupTime><![CDATA[2022-02-14T18:39:04]]></BackupTime><ID><![CDATA[{07AADACE-5A4C-4A08-A60D-13325412C856}]]></ID><Comment><![CDATA[CIS Microsoft Server 2022 v1.0.0 Level 2 Member Server]]></Comment><GPODisplayName><![CDATA[Windows Server 2022 MS L2]]></GPODisplayName></BackupInst></Backups>