<Backups xmlns="http://www.microsoft.com/GroupPolicy/GPOOperations/Manifest" xmlns:mfst="http://www.microsoft.com/GroupPolicy/GPOOperations/Manifest" mfst:version="1.0"><BackupInst><GPOGuid><![CDATA[{F04B70BC-C371-4342-9A4D-0615A91207A8}]]></GPOGuid><GPODomain><![CDATA[CIS.BM]]></GPODomain><GPODomainGuid><![CDATA[{09a94884-59a0-4a2a-8795-69a6bc23c4e7}]]></GPODomainGuid><GPODomainController><![CDATA[WindowsBMDC.CIS.BM]]></GPODomainController><BackupTime><![CDATA[2022-03-07T21:13:29]]></BackupTime><ID><![CDATA[{AA673CF2-A242-4136-A992-0D3BC5401BA7}]]></ID><Comment><![CDATA[CIS Microsoft Windows Server 2019 (21H2) User L2]]></Comment><GPODisplayName><![CDATA[Windows Server 2019 21H2 User L2]]></GPODisplayName></BackupInst></Backups>