<Backups xmlns="http://www.microsoft.com/GroupPolicy/GPOOperations/Manifest" xmlns:mfst="http://www.microsoft.com/GroupPolicy/GPOOperations/Manifest" mfst:version="1.0"><BackupInst><GPOGuid><![CDATA[{BC4C2018-0FD3-4E75-82FB-B049A07092A5}]]></GPOGuid><GPODomain><![CDATA[CIS.BM]]></GPODomain><GPODomainGuid><![CDATA[{09a94884-59a0-4a2a-8795-69a6bc23c4e7}]]></GPODomainGuid><GPODomainController><![CDATA[WindowsBMDC.CIS.BM]]></GPODomainController><BackupTime><![CDATA[2022-02-06T14:12:50]]></BackupTime><ID><![CDATA[{8CC36D62-FB54-4524-B803-901AB2AF38A1}]]></ID><Comment><![CDATA[CIS Microsoft Windows 11 21H2 Services Level 2 Settings]]></Comment><GPODisplayName><![CDATA[Windows 11 21H2 Services L2]]></GPODisplayName></BackupInst></Backups>