<Backups xmlns="http://www.microsoft.com/GroupPolicy/GPOOperations/Manifest" xmlns:mfst="http://www.microsoft.com/GroupPolicy/GPOOperations/Manifest" mfst:version="1.0"><BackupInst><GPOGuid><![CDATA[{E81F188E-4595-4F51-B912-70F939F0B37B}]]></GPOGuid><GPODomain><![CDATA[CIS.BM]]></GPODomain><GPODomainGuid><![CDATA[{09a94884-59a0-4a2a-8795-69a6bc23c4e7}]]></GPODomainGuid><GPODomainController><![CDATA[WindowsBMDC.CIS.BM]]></GPODomainController><BackupTime><![CDATA[2022-02-06T14:13:47]]></BackupTime><ID><![CDATA[{DDAF5E93-7A29-4268-9397-8E16FD5DB025}]]></ID><Comment><![CDATA[CIS Microsoft Windows 11 21H2 User Level 2 Settings]]></Comment><GPODisplayName><![CDATA[Windows 11 21H2 User L2]]></GPODisplayName></BackupInst></Backups>