<BackupInst xmlns="http://www.microsoft.com/GroupPolicy/GPOOperations/Manifest"><GPOGuid><![CDATA[{C44BC4DF-13F9-4834-87A1-AAEF4729869D}]]></GPOGuid><GPODomain><![CDATA[CIS.BM]]></GPODomain><GPODomainGuid><![CDATA[{09a94884-59a0-4a2a-8795-69a6bc23c4e7}]]></GPODomainGuid><GPODomainController><![CDATA[WindowsBMDC.CIS.BM]]></GPODomainController><BackupTime><![CDATA[2022-02-14T18:38:03]]></BackupTime><ID><![CDATA[{16FC01E1-EDC6-4161-B87E-B0A400E90F4F}]]></ID><Comment><![CDATA[CIS Microsoft Server 2022 v1.0.0 Level 2 Domain Controller]]></Comment><GPODisplayName><![CDATA[Windows Server 2022 DC L2]]></GPODisplayName></BackupInst>
