<Backups xmlns="http://www.microsoft.com/GroupPolicy/GPOOperations/Manifest" xmlns:mfst="http://www.microsoft.com/GroupPolicy/GPOOperations/Manifest" mfst:version="1.0"><BackupInst><GPOGuid><![CDATA[{090554E3-7C2F-457F-AAEE-66900471F34D}]]></GPOGuid><GPODomain><![CDATA[CIS.BM]]></GPODomain><GPODomainGuid><![CDATA[{09a94884-59a0-4a2a-8795-69a6bc23c4e7}]]></GPODomainGuid><GPODomainController><![CDATA[WindowsBMDC.CIS.BM]]></GPODomainController><BackupTime><![CDATA[2022-02-14T18:38:27]]></BackupTime><ID><![CDATA[{5D3B7F6D-F9CF-4615-AD40-EA63842EE1FA}]]></ID><Comment><![CDATA[CIS Microsoft Server 2022 v1.0.0 NGWS Domain Controller]]></Comment><GPODisplayName><![CDATA[Windows Server 2022 DC NGWS]]></GPODisplayName></BackupInst></Backups>