<BackupInst xmlns="http://www.microsoft.com/GroupPolicy/GPOOperations/Manifest"><GPOGuid><![CDATA[{55289E79-32BD-439D-BCA2-C92A3716379C}]]></GPOGuid><GPODomain><![CDATA[CIS.BM]]></GPODomain><GPODomainGuid><![CDATA[{09a94884-59a0-4a2a-8795-69a6bc23c4e7}]]></GPODomainGuid><GPODomainController><![CDATA[WindowsBMDC.CIS.BM]]></GPODomainController><BackupTime><![CDATA[2022-02-06T13:51:14]]></BackupTime><ID><![CDATA[{ADFCCF4E-C068-4B8B-884B-4FF1906051E9}]]></ID><Comment><![CDATA[CIS Microsoft Windows 10 21H2 User Level 2 Settings]]></Comment><GPODisplayName><![CDATA[Windows 10 21H2 User L2]]></GPODisplayName></BackupInst>
