<BackupInst xmlns="http://www.microsoft.com/GroupPolicy/GPOOperations/Manifest"><GPOGuid><![CDATA[{15DAEDB4-7EE4-43B7-99CC-BC80023CAB13}]]></GPOGuid><GPODomain><![CDATA[CIS.BM]]></GPODomain><GPODomainGuid><![CDATA[{09a94884-59a0-4a2a-8795-69a6bc23c4e7}]]></GPODomainGuid><GPODomainController><![CDATA[WindowsBMDC.CIS.BM]]></GPODomainController><BackupTime><![CDATA[2021-07-14T20:04:11]]></BackupTime><ID><![CDATA[{7F3494BD-222D-41D6-9AE7-26E26D6C0999}]]></ID><Comment><![CDATA[CIS Microsoft Windows Server 2016 v1.3.0 Domain Controller Level 2]]></Comment><GPODisplayName><![CDATA[Windows Server 2016 DC L2]]></GPODisplayName></BackupInst>
