<Backups xmlns="http://www.microsoft.com/GroupPolicy/GPOOperations/Manifest" xmlns:mfst="http://www.microsoft.com/GroupPolicy/GPOOperations/Manifest" mfst:version="1.0"><BackupInst><GPOGuid><![CDATA[{8494C66F-F629-452F-A2CF-BC3D9714CCD1}]]></GPOGuid><GPODomain><![CDATA[CIS.BM]]></GPODomain><GPODomainGuid><![CDATA[{09a94884-59a0-4a2a-8795-69a6bc23c4e7}]]></GPODomainGuid><GPODomainController><![CDATA[WindowsBMDC.CIS.BM]]></GPODomainController><BackupTime><![CDATA[2021-07-14T20:06:03]]></BackupTime><ID><![CDATA[{0DE321B0-BB8F-445F-AA58-DCF2D71EF2FE}]]></ID><Comment><![CDATA[CIS Microsoft Windows Server 2016 v1.3.0 User Level 2]]></Comment><GPODisplayName><![CDATA[Windows Server 2016 User L2]]></GPODisplayName></BackupInst></Backups>