<Backups xmlns="http://www.microsoft.com/GroupPolicy/GPOOperations/Manifest" xmlns:mfst="http://www.microsoft.com/GroupPolicy/GPOOperations/Manifest" mfst:version="1.0"><BackupInst><GPOGuid><![CDATA[{391AEB9A-D102-4A36-ADAF-A78809D3D219}]]></GPOGuid><GPODomain><![CDATA[CIS.BM]]></GPODomain><GPODomainGuid><![CDATA[{09a94884-59a0-4a2a-8795-69a6bc23c4e7}]]></GPODomainGuid><GPODomainController><![CDATA[WindowsBMDC.CIS.BM]]></GPODomainController><BackupTime><![CDATA[2022-02-06T14:13:06]]></BackupTime><ID><![CDATA[{6A79201B-CF95-4DCC-8414-D3D6754DB8B5}]]></ID><Comment><![CDATA[CIS Microsoft Windows 11 21H2 User Level 1 Settings]]></Comment><GPODisplayName><![CDATA[Windows 11 21H2 User L1]]></GPODisplayName></BackupInst></Backups>