<Backups xmlns="http://www.microsoft.com/GroupPolicy/GPOOperations/Manifest" xmlns:mfst="http://www.microsoft.com/GroupPolicy/GPOOperations/Manifest" mfst:version="1.0"><BackupInst><GPOGuid><![CDATA[{853F87F6-E13A-4AF9-B903-5F241033255E}]]></GPOGuid><GPODomain><![CDATA[CIS.BM]]></GPODomain><GPODomainGuid><![CDATA[{09a94884-59a0-4a2a-8795-69a6bc23c4e7}]]></GPODomainGuid><GPODomainController><![CDATA[WindowsBMDC.CIS.BM]]></GPODomainController><BackupTime><![CDATA[2021-07-14T20:04:31]]></BackupTime><ID><![CDATA[{5FC7DF03-531E-41C0-BD85-CF23507D8511}]]></ID><Comment><![CDATA[CIS Microsoft Windows Server 2016 v1.3.0 Domain Controller NextGeneration]]></Comment><GPODisplayName><![CDATA[Windows Server 2016 DC NGWS]]></GPODisplayName></BackupInst></Backups>