<BackupInst xmlns="http://www.microsoft.com/GroupPolicy/GPOOperations/Manifest"><GPOGuid><![CDATA[{6BEFF55E-3549-4BF9-BC2A-9ECF0AFF829B}]]></GPOGuid><GPODomain><![CDATA[CIS.BM]]></GPODomain><GPODomainGuid><![CDATA[{09a94884-59a0-4a2a-8795-69a6bc23c4e7}]]></GPODomainGuid><GPODomainController><![CDATA[WindowsBMDC.CIS.BM]]></GPODomainController><BackupTime><![CDATA[2021-07-14T20:05:51]]></BackupTime><ID><![CDATA[{93933E47-0669-4AF5-B585-FEB11E3F91C7}]]></ID><Comment><![CDATA[CIS Microsoft Windows Server 2016 v1.3.0 User Level 1]]></Comment><GPODisplayName><![CDATA[Windows Server 2016 User L1]]></GPODisplayName></BackupInst>
