<BackupInst xmlns="http://www.microsoft.com/GroupPolicy/GPOOperations/Manifest"><GPOGuid><![CDATA[{BD16F777-984D-4B2F-A0A8-DF886F30C06C}]]></GPOGuid><GPODomain><![CDATA[CIS.BM]]></GPODomain><GPODomainGuid><![CDATA[{09a94884-59a0-4a2a-8795-69a6bc23c4e7}]]></GPODomainGuid><GPODomainController><![CDATA[WindowsBMDC.CIS.BM]]></GPODomainController><BackupTime><![CDATA[2021-07-14T20:05:26]]></BackupTime><ID><![CDATA[{08F8A043-8299-4882-ABEF-0D9852E4577A}]]></ID><Comment><![CDATA[CIS Microsoft Windows Server 2016 v1.3.0 Member Server NextGeneration]]></Comment><GPODisplayName><![CDATA[Windows Server 2016 MS NGWS]]></GPODisplayName></BackupInst>
