<Backups xmlns="http://www.microsoft.com/GroupPolicy/GPOOperations/Manifest" xmlns:mfst="http://www.microsoft.com/GroupPolicy/GPOOperations/Manifest" mfst:version="1.0"><BackupInst><GPOGuid><![CDATA[{3CA91BA0-5F20-4306-BBAF-6EB604BE9853}]]></GPOGuid><GPODomain><![CDATA[CIS.BM]]></GPODomain><GPODomainGuid><![CDATA[{09a94884-59a0-4a2a-8795-69a6bc23c4e7}]]></GPODomainGuid><GPODomainController><![CDATA[WindowsBMDC.CIS.BM]]></GPODomainController><BackupTime><![CDATA[2022-02-06T14:11:45]]></BackupTime><ID><![CDATA[{77D31D4F-4B24-4393-9118-D3095D71BF4E}]]></ID><Comment><![CDATA[CIS Microsoft Windows 11 21H2 Computer Level 2 Settings]]></Comment><GPODisplayName><![CDATA[Windows 11 21H2 Comp L2]]></GPODisplayName></BackupInst></Backups>