<BackupInst xmlns="http://www.microsoft.com/GroupPolicy/GPOOperations/Manifest"><GPOGuid><![CDATA[{0E95D1C5-96B9-4BD7-A6AA-245A1AAB5ED8}]]></GPOGuid><GPODomain><![CDATA[CIS.BM]]></GPODomain><GPODomainGuid><![CDATA[{09a94884-59a0-4a2a-8795-69a6bc23c4e7}]]></GPODomainGuid><GPODomainController><![CDATA[WindowsBMDC.CIS.BM]]></GPODomainController><BackupTime><![CDATA[2022-03-07T21:14:58]]></BackupTime><ID><![CDATA[{74B85B45-F5A6-4DB7-A574-3783ADB3712F}]]></ID><Comment><![CDATA[CIS Microsoft Windows Server 2019 (21H2) Domain Controller NG]]></Comment><GPODisplayName><![CDATA[Windows Server 2019 21H2 DC NGWS]]></GPODisplayName></BackupInst>
