<BackupInst xmlns="http://www.microsoft.com/GroupPolicy/GPOOperations/Manifest"><GPOGuid><![CDATA[{73EDC24F-F6DF-4976-B279-303BAE6F6660}]]></GPOGuid><GPODomain><![CDATA[CIS.BM]]></GPODomain><GPODomainGuid><![CDATA[{09a94884-59a0-4a2a-8795-69a6bc23c4e7}]]></GPODomainGuid><GPODomainController><![CDATA[WindowsBMDC.CIS.BM]]></GPODomainController><BackupTime><![CDATA[2022-02-06T14:12:08]]></BackupTime><ID><![CDATA[{83B52147-222F-4BBD-8C36-8F416663FFE9}]]></ID><Comment><![CDATA[CIS Microsoft Windows 11 21H2 Next Generation Settings]]></Comment><GPODisplayName><![CDATA[Windows 11 21H2 NextGeneration]]></GPODisplayName></BackupInst>
