<Backups xmlns="http://www.microsoft.com/GroupPolicy/GPOOperations/Manifest" xmlns:mfst="http://www.microsoft.com/GroupPolicy/GPOOperations/Manifest" mfst:version="1.0"><BackupInst><GPOGuid><![CDATA[{4D8B3152-2047-4B23-AF8E-EBF244DA5F41}]]></GPOGuid><GPODomain><![CDATA[CIS.BM]]></GPODomain><GPODomainGuid><![CDATA[{09a94884-59a0-4a2a-8795-69a6bc23c4e7}]]></GPODomainGuid><GPODomainController><![CDATA[WindowsBMDC.CIS.BM]]></GPODomainController><BackupTime><![CDATA[2022-02-06T13:49:24]]></BackupTime><ID><![CDATA[{07CC5200-BB9C-491A-BC80-2C2BFC37F99A}]]></ID><Comment><![CDATA[CIS Microsoft Windows 10 21H2 Computer Level 2 Settings]]></Comment><GPODisplayName><![CDATA[Windows 10 21H2 Comp L2]]></GPODisplayName></BackupInst></Backups>