<Backups xmlns="http://www.microsoft.com/GroupPolicy/GPOOperations/Manifest" xmlns:mfst="http://www.microsoft.com/GroupPolicy/GPOOperations/Manifest" mfst:version="1.0"><BackupInst><GPOGuid><![CDATA[{C3801B93-BDCC-45EC-8C57-B9A7418AF6EB}]]></GPOGuid><GPODomain><![CDATA[CIS.BM]]></GPODomain><GPODomainGuid><![CDATA[{09a94884-59a0-4a2a-8795-69a6bc23c4e7}]]></GPODomainGuid><GPODomainController><![CDATA[WindowsBMDC.CIS.BM]]></GPODomainController><BackupTime><![CDATA[2022-02-14T18:38:46]]></BackupTime><ID><![CDATA[{5AEAE11A-F068-4315-B561-CC6DA8E5CABB}]]></ID><Comment><![CDATA[CIS Microsoft Server 2022 v1.0.0 Level 1 Member Server]]></Comment><GPODisplayName><![CDATA[Windows Server 2022 MS L1]]></GPODisplayName></BackupInst></Backups>