<BackupInst xmlns="http://www.microsoft.com/GroupPolicy/GPOOperations/Manifest"><GPOGuid><![CDATA[{4C9C420B-6CC2-4F42-9D4F-4468D4243C84}]]></GPOGuid><GPODomain><![CDATA[CIS.BM]]></GPODomain><GPODomainGuid><![CDATA[{09a94884-59a0-4a2a-8795-69a6bc23c4e7}]]></GPODomainGuid><GPODomainController><![CDATA[WindowsBMDC.CIS.BM]]></GPODomainController><BackupTime><![CDATA[2022-02-06T14:12:29]]></BackupTime><ID><![CDATA[{67498A71-32C3-4AFC-AF51-4F51930C657E}]]></ID><Comment><![CDATA[CIS Microsoft Windows 11 21H2 Services Level 1 Settings]]></Comment><GPODisplayName><![CDATA[Windows 11 21H2 Services L1]]></GPODisplayName></BackupInst>
