<Backups xmlns="http://www.microsoft.com/GroupPolicy/GPOOperations/Manifest" xmlns:mfst="http://www.microsoft.com/GroupPolicy/GPOOperations/Manifest" mfst:version="1.0"><BackupInst><GPOGuid><![CDATA[{1ADC2E5A-0201-4AAB-A879-5A6D66D9025A}]]></GPOGuid><GPODomain><![CDATA[CIS.BM]]></GPODomain><GPODomainGuid><![CDATA[{09a94884-59a0-4a2a-8795-69a6bc23c4e7}]]></GPODomainGuid><GPODomainController><![CDATA[WindowsBMDC.CIS.BM]]></GPODomainController><BackupTime><![CDATA[2022-02-06T13:50:34]]></BackupTime><ID><![CDATA[{54A0F62B-D919-416D-B5E0-0B727AF776D4}]]></ID><Comment><![CDATA[CIS Microsoft Windows 10 21H2 Services Level 2 Settings]]></Comment><GPODisplayName><![CDATA[Windows 10 21H2 Services L2]]></GPODisplayName></BackupInst></Backups>