<Backups xmlns="http://www.microsoft.com/GroupPolicy/GPOOperations/Manifest" xmlns:mfst="http://www.microsoft.com/GroupPolicy/GPOOperations/Manifest" mfst:version="1.0"><BackupInst><GPOGuid><![CDATA[{DF71325C-2A97-4ED7-B25E-291A451F2272}]]></GPOGuid><GPODomain><![CDATA[CIS.BM]]></GPODomain><GPODomainGuid><![CDATA[{09a94884-59a0-4a2a-8795-69a6bc23c4e7}]]></GPODomainGuid><GPODomainController><![CDATA[WindowsBMDC.CIS.BM]]></GPODomainController><BackupTime><![CDATA[2022-02-14T18:40:25]]></BackupTime><ID><![CDATA[{57EADD13-EE06-4FB0-8988-3C825761F02F}]]></ID><Comment><![CDATA[CIS Microsoft Server 2022 v1.0.0 User Level 2]]></Comment><GPODisplayName><![CDATA[Windows Server 2022 User L2]]></GPODisplayName></BackupInst></Backups>