<Backups xmlns="http://www.microsoft.com/GroupPolicy/GPOOperations/Manifest" xmlns:mfst="http://www.microsoft.com/GroupPolicy/GPOOperations/Manifest" mfst:version="1.0"><BackupInst><GPOGuid><![CDATA[{8E3728B0-5E38-4853-B102-3D744E274B77}]]></GPOGuid><GPODomain><![CDATA[CIS.BM]]></GPODomain><GPODomainGuid><![CDATA[{09a94884-59a0-4a2a-8795-69a6bc23c4e7}]]></GPODomainGuid><GPODomainController><![CDATA[WindowsBMDC.CIS.BM]]></GPODomainController><BackupTime><![CDATA[2022-02-06T13:48:12]]></BackupTime><ID><![CDATA[{26E54AB8-6A85-4390-9295-66816422338D}]]></ID><Comment><![CDATA[CIS Microsoft Windows 10 21H1 BitLocker Settings]]></Comment><GPODisplayName><![CDATA[Windows 10 21H2 BitLocker]]></GPODisplayName></BackupInst></Backups>