<BackupInst xmlns="http://www.microsoft.com/GroupPolicy/GPOOperations/Manifest"><GPOGuid><![CDATA[{EA6EA1DF-67C2-4AB1-8665-C742B26E3F5A}]]></GPOGuid><GPODomain><![CDATA[CIS.BM]]></GPODomain><GPODomainGuid><![CDATA[{09a94884-59a0-4a2a-8795-69a6bc23c4e7}]]></GPODomainGuid><GPODomainController><![CDATA[WindowsBMDC.CIS.BM]]></GPODomainController><BackupTime><![CDATA[2022-03-07T21:15:19]]></BackupTime><ID><![CDATA[{E8721E3C-E745-410B-B59A-DFA2AFE481C7}]]></ID><Comment><![CDATA[CIS Microsoft Windows Server 2019 (21H2) Domain Controller L1 Services]]></Comment><GPODisplayName><![CDATA[Windows Server 2019 21H2 DC L1 Services]]></GPODisplayName></BackupInst>
