<BackupInst xmlns="http://www.microsoft.com/GroupPolicy/GPOOperations/Manifest"><GPOGuid><![CDATA[{A95F3E40-1641-492C-9256-DFC2E2E26645}]]></GPOGuid><GPODomain><![CDATA[CIS.BM]]></GPODomain><GPODomainGuid><![CDATA[{09a94884-59a0-4a2a-8795-69a6bc23c4e7}]]></GPODomainGuid><GPODomainController><![CDATA[WindowsBMDC.CIS.BM]]></GPODomainController><BackupTime><![CDATA[2022-03-07T21:14:34]]></BackupTime><ID><![CDATA[{CD182024-18E4-4B1E-A6CF-01028E993BCA}]]></ID><Comment><![CDATA[CIS Microsoft Windows Server 2019 (21H2) Member Server L2 Services]]></Comment><GPODisplayName><![CDATA[Windows Server 2019 21H2 MS L2 Services]]></GPODisplayName></BackupInst>
