<Backups xmlns="http://www.microsoft.com/GroupPolicy/GPOOperations/Manifest" xmlns:mfst="http://www.microsoft.com/GroupPolicy/GPOOperations/Manifest" mfst:version="1.0"><BackupInst><GPOGuid><![CDATA[{8885305C-ABC9-4E56-A53A-EAFAA1BDE028}]]></GPOGuid><GPODomain><![CDATA[CIS.BM]]></GPODomain><GPODomainGuid><![CDATA[{09a94884-59a0-4a2a-8795-69a6bc23c4e7}]]></GPODomainGuid><GPODomainController><![CDATA[WindowsBMDC.CIS.BM]]></GPODomainController><BackupTime><![CDATA[2022-02-06T14:11:28]]></BackupTime><ID><![CDATA[{174D72A3-0BA2-4664-9AC2-2FAE01420185}]]></ID><Comment><![CDATA[CIS Microsoft Windows 11 21H2 Computer Level 1 Settings]]></Comment><GPODisplayName><![CDATA[Windows 11 21H2 Comp L1]]></GPODisplayName></BackupInst></Backups>