<BackupInst xmlns="http://www.microsoft.com/GroupPolicy/GPOOperations/Manifest"><GPOGuid><![CDATA[{D0F0E133-8432-4D9B-BD5E-D7B70B7F994D}]]></GPOGuid><GPODomain><![CDATA[CIS.BM]]></GPODomain><GPODomainGuid><![CDATA[{09a94884-59a0-4a2a-8795-69a6bc23c4e7}]]></GPODomainGuid><GPODomainController><![CDATA[WindowsBMDC.CIS.BM]]></GPODomainController><BackupTime><![CDATA[2022-03-07T21:13:02]]></BackupTime><ID><![CDATA[{0B53CF61-B2D6-44ED-9C5F-274A8FA42B0D}]]></ID><Comment><![CDATA[CIS Microsoft Windows Server 2019 (21H2) Domain Controller L2]]></Comment><GPODisplayName><![CDATA[ Windows Server 2019 21H2 DC L2]]></GPODisplayName></BackupInst>
