<Backups xmlns="http://www.microsoft.com/GroupPolicy/GPOOperations/Manifest" xmlns:mfst="http://www.microsoft.com/GroupPolicy/GPOOperations/Manifest" mfst:version="1.0"><BackupInst><GPOGuid><![CDATA[{6F6893BD-9313-44DD-95F4-F52C09365DFD}]]></GPOGuid><GPODomain><![CDATA[CIS.BM]]></GPODomain><GPODomainGuid><![CDATA[{09a94884-59a0-4a2a-8795-69a6bc23c4e7}]]></GPODomainGuid><GPODomainController><![CDATA[WindowsBMDC.CIS.BM]]></GPODomainController><BackupTime><![CDATA[2022-02-14T18:36:26]]></BackupTime><ID><![CDATA[{7FD062CC-387D-47B3-8217-0A29363277AD}]]></ID><Comment><![CDATA[CIS Microsoft Server 2022 v1.0.0 Level 1 Domain Controller]]></Comment><GPODisplayName><![CDATA[Windows Server 2022 DC L1]]></GPODisplayName></BackupInst></Backups>