<Backups xmlns="http://www.microsoft.com/GroupPolicy/GPOOperations/Manifest" xmlns:mfst="http://www.microsoft.com/GroupPolicy/GPOOperations/Manifest" mfst:version="1.0"><BackupInst><GPOGuid><![CDATA[{59370542-99DB-487F-93BC-F3E18A8C97A7}]]></GPOGuid><GPODomain><![CDATA[CIS.BM]]></GPODomain><GPODomainGuid><![CDATA[{09a94884-59a0-4a2a-8795-69a6bc23c4e7}]]></GPODomainGuid><GPODomainController><![CDATA[WindowsBMDC.CIS.BM]]></GPODomainController><BackupTime><![CDATA[2022-02-06T13:50:53]]></BackupTime><ID><![CDATA[{124A532F-71AF-4798-9FD7-FFA0576C2ECA}]]></ID><Comment><![CDATA[CIS Microsoft Windows 10 21H2 User Level 1 Settings]]></Comment><GPODisplayName><![CDATA[Windows 10 21H2 User L1]]></GPODisplayName></BackupInst></Backups>