<Backups xmlns="http://www.microsoft.com/GroupPolicy/GPOOperations/Manifest" xmlns:mfst="http://www.microsoft.com/GroupPolicy/GPOOperations/Manifest" mfst:version="1.0"><BackupInst><GPOGuid><![CDATA[{0E04F2AF-47D8-4879-9368-FE22029CE1FC}]]></GPOGuid><GPODomain><![CDATA[CIS.BM]]></GPODomain><GPODomainGuid><![CDATA[{09a94884-59a0-4a2a-8795-69a6bc23c4e7}]]></GPODomainGuid><GPODomainController><![CDATA[WindowsBMDC.CIS.BM]]></GPODomainController><BackupTime><![CDATA[2021-07-14T20:05:06]]></BackupTime><ID><![CDATA[{AD1AC8C0-FCBC-4555-AA85-BEC463353607}]]></ID><Comment><![CDATA[CIS Microsoft Windows Server 2016 v1.3.0 Member Server Level 2]]></Comment><GPODisplayName><![CDATA[Windows Server 2016 MS L2]]></GPODisplayName></BackupInst></Backups>