<Backups xmlns="http://www.microsoft.com/GroupPolicy/GPOOperations/Manifest" xmlns:mfst="http://www.microsoft.com/GroupPolicy/GPOOperations/Manifest" mfst:version="1.0"><BackupInst><GPOGuid><![CDATA[{D479F40B-1D6D-441A-B8B4-557251093DCB}]]></GPOGuid><GPODomain><![CDATA[CIS.BM]]></GPODomain><GPODomainGuid><![CDATA[{09a94884-59a0-4a2a-8795-69a6bc23c4e7}]]></GPODomainGuid><GPODomainController><![CDATA[WindowsBMDC.CIS.BM]]></GPODomainController><BackupTime><![CDATA[2022-03-07T21:13:48]]></BackupTime><ID><![CDATA[{0BDBFFD5-5F1D-452C-A8ED-81D0E03F902A}]]></ID><Comment><![CDATA[CIS Microsoft Windows Server 2019 (21H2) User L1]]></Comment><GPODisplayName><![CDATA[Windows Server 2019 21H2 User L1]]></GPODisplayName></BackupInst></Backups>