<Backups xmlns="http://www.microsoft.com/GroupPolicy/GPOOperations/Manifest" xmlns:mfst="http://www.microsoft.com/GroupPolicy/GPOOperations/Manifest" mfst:version="1.0"><BackupInst><GPOGuid><![CDATA[{8EB8977A-376F-435A-A2B6-5BF5EAB2BC63}]]></GPOGuid><GPODomain><![CDATA[CIS.BM]]></GPODomain><GPODomainGuid><![CDATA[{09a94884-59a0-4a2a-8795-69a6bc23c4e7}]]></GPODomainGuid><GPODomainController><![CDATA[WindowsBMDC.CIS.BM]]></GPODomainController><BackupTime><![CDATA[2022-02-14T18:39:22]]></BackupTime><ID><![CDATA[{E8666DC9-F66E-446B-A7E3-939DC36F4534}]]></ID><Comment><![CDATA[CIS Microsoft Server 2022 v1.0.0 Level 2 Services Member Server]]></Comment><GPODisplayName><![CDATA[Windows Server 2022 MS L2 Services]]></GPODisplayName></BackupInst></Backups>