<BackupInst xmlns="http://www.microsoft.com/GroupPolicy/GPOOperations/Manifest"><GPOGuid><![CDATA[{1A2A6768-C903-459D-8787-B51803449857}]]></GPOGuid><GPODomain><![CDATA[CIS.BM]]></GPODomain><GPODomainGuid><![CDATA[{09a94884-59a0-4a2a-8795-69a6bc23c4e7}]]></GPODomainGuid><GPODomainController><![CDATA[WindowsBMDC.CIS.BM]]></GPODomainController><BackupTime><![CDATA[2022-02-14T18:37:47]]></BackupTime><ID><![CDATA[{8E762623-2B6E-42BD-88E6-0E6ADBC73D33}]]></ID><Comment><![CDATA[CIS Microsoft Server 2022 v1.0.0 Level 1 Services Domain Controller ]]></Comment><GPODisplayName><![CDATA[Windows Server 2022 DC L1 Services]]></GPODisplayName></BackupInst>
