<BackupInst xmlns="http://www.microsoft.com/GroupPolicy/GPOOperations/Manifest"><GPOGuid><![CDATA[{EA0B1202-B872-4B3F-A0DB-C2095300D895}]]></GPOGuid><GPODomain><![CDATA[CIS.BM]]></GPODomain><GPODomainGuid><![CDATA[{09a94884-59a0-4a2a-8795-69a6bc23c4e7}]]></GPODomainGuid><GPODomainController><![CDATA[WindowsBMDC.CIS.BM]]></GPODomainController><BackupTime><![CDATA[2021-07-14T20:03:53]]></BackupTime><ID><![CDATA[{3CDB4D0B-BF12-4F4C-A25C-CF77879EEA65}]]></ID><Comment><![CDATA[CIS Microsoft Windows Server 2016 v1.3.0 Domain Controller Level 1]]></Comment><GPODisplayName><![CDATA[Windows Server 2016 DC L1]]></GPODisplayName></BackupInst>
