<Backups xmlns="http://www.microsoft.com/GroupPolicy/GPOOperations/Manifest" xmlns:mfst="http://www.microsoft.com/GroupPolicy/GPOOperations/Manifest" mfst:version="1.0"><BackupInst><GPOGuid><![CDATA[{B235DFD5-0434-4933-99FC-8CD3BC9FE20D}]]></GPOGuid><GPODomain><![CDATA[CIS.BM]]></GPODomain><GPODomainGuid><![CDATA[{09a94884-59a0-4a2a-8795-69a6bc23c4e7}]]></GPODomainGuid><GPODomainController><![CDATA[WindowsBMDC.CIS.BM]]></GPODomainController><BackupTime><![CDATA[2022-02-14T18:40:11]]></BackupTime><ID><![CDATA[{0681DDA0-C3DE-4701-B1D5-7941DBCC6D09}]]></ID><Comment><![CDATA[CIS Microsoft Server 2022 v1.0.0 User Level 1]]></Comment><GPODisplayName><![CDATA[Windows Server 2022 User L1]]></GPODisplayName></BackupInst></Backups>