<BackupInst xmlns="http://www.microsoft.com/GroupPolicy/GPOOperations/Manifest"><GPOGuid><![CDATA[{36A601A8-8E74-40B0-98DA-BFF5025BF116}]]></GPOGuid><GPODomain><![CDATA[CIS.BM]]></GPODomain><GPODomainGuid><![CDATA[{09a94884-59a0-4a2a-8795-69a6bc23c4e7}]]></GPODomainGuid><GPODomainController><![CDATA[WindowsBMDC.CIS.BM]]></GPODomainController><BackupTime><![CDATA[2022-03-07T21:15:44]]></BackupTime><ID><![CDATA[{493B2E78-DC1A-4DCD-BFB1-B5EE1CEC72E7}]]></ID><Comment><![CDATA[CIS Microsoft Windows Server 2019 (21H2) Member Server L2]]></Comment><GPODisplayName><![CDATA[Windows Server 2019 21H2 MS L2]]></GPODisplayName></BackupInst>
