<BackupInst xmlns="http://www.microsoft.com/GroupPolicy/GPOOperations/Manifest"><GPOGuid><![CDATA[{EAA9F536-71FE-4D55-B7ED-9F58D724E67D}]]></GPOGuid><GPODomain><![CDATA[CIS.BM]]></GPODomain><GPODomainGuid><![CDATA[{09a94884-59a0-4a2a-8795-69a6bc23c4e7}]]></GPODomainGuid><GPODomainController><![CDATA[WindowsBMDC.CIS.BM]]></GPODomainController><BackupTime><![CDATA[2022-02-06T13:49:08]]></BackupTime><ID><![CDATA[{D4A37167-BB14-4421-9215-32452A8286EF}]]></ID><Comment><![CDATA[CIS Microsoft Windows 10 21H2 Computer Level 1 Settings]]></Comment><GPODisplayName><![CDATA[Windows 10 21H2 Comp L1]]></GPODisplayName></BackupInst>
