<BackupInst xmlns="http://www.microsoft.com/GroupPolicy/GPOOperations/Manifest"><GPOGuid><![CDATA[{8C1CFE39-4E2D-44D5-AB2A-DC16B44501E1}]]></GPOGuid><GPODomain><![CDATA[CIS.BM]]></GPODomain><GPODomainGuid><![CDATA[{09a94884-59a0-4a2a-8795-69a6bc23c4e7}]]></GPODomainGuid><GPODomainController><![CDATA[WindowsBMDC.CIS.BM]]></GPODomainController><BackupTime><![CDATA[2022-04-11T19:25:29]]></BackupTime><ID><![CDATA[{B682A13D-2081-48AB-AB12-B993782C6E70}]]></ID><Comment><![CDATA[CIS Microsoft Windows Server 2019 Domain Controller Level 1]]></Comment><GPODisplayName><![CDATA[Windows Server 2019 21H2 DC L1]]></GPODisplayName></BackupInst>
