<Backups xmlns="http://www.microsoft.com/GroupPolicy/GPOOperations/Manifest" xmlns:mfst="http://www.microsoft.com/GroupPolicy/GPOOperations/Manifest" mfst:version="1.0"><BackupInst><GPOGuid><![CDATA[{D0B59695-E415-402B-93B4-28277A4998A0}]]></GPOGuid><GPODomain><![CDATA[CIS.BM]]></GPODomain><GPODomainGuid><![CDATA[{09a94884-59a0-4a2a-8795-69a6bc23c4e7}]]></GPODomainGuid><GPODomainController><![CDATA[WindowsBMDC.CIS.BM]]></GPODomainController><BackupTime><![CDATA[2022-02-06T14:11:07]]></BackupTime><ID><![CDATA[{7FF15B15-849F-46AE-AD71-C28470CBA871}]]></ID><Comment><![CDATA[CIS Microsoft Windows 11 21H2 BitLocker Settings]]></Comment><GPODisplayName><![CDATA[Windows 11 21H2 BitLocker]]></GPODisplayName></BackupInst></Backups>