<Backups xmlns="http://www.microsoft.com/GroupPolicy/GPOOperations/Manifest" xmlns:mfst="http://www.microsoft.com/GroupPolicy/GPOOperations/Manifest" mfst:version="1.0"><BackupInst><GPOGuid><![CDATA[{A99BBB05-6101-4EC2-BFF5-6939F740E255}]]></GPOGuid><GPODomain><![CDATA[CIS.BM]]></GPODomain><GPODomainGuid><![CDATA[{09a94884-59a0-4a2a-8795-69a6bc23c4e7}]]></GPODomainGuid><GPODomainController><![CDATA[WindowsBMDC.CIS.BM]]></GPODomainController><BackupTime><![CDATA[2021-07-14T20:04:54]]></BackupTime><ID><![CDATA[{E127ADBE-5088-404C-8DF3-33BA0EA1BDF8}]]></ID><Comment><![CDATA[CIS Microsoft Windows Server 2016 v1.3.0 Member Server Level 1]]></Comment><GPODisplayName><![CDATA[Windows Server 2016 MS L1]]></GPODisplayName></BackupInst></Backups>