<Backups xmlns="http://www.microsoft.com/GroupPolicy/GPOOperations/Manifest" xmlns:mfst="http://www.microsoft.com/GroupPolicy/GPOOperations/Manifest" mfst:version="1.0"><BackupInst><GPOGuid><![CDATA[{BBAE9579-F09C-4216-B6D4-33A4F312601C}]]></GPOGuid><GPODomain><![CDATA[CIS.BM]]></GPODomain><GPODomainGuid><![CDATA[{09a94884-59a0-4a2a-8795-69a6bc23c4e7}]]></GPODomainGuid><GPODomainController><![CDATA[WindowsBMDC.CIS.BM]]></GPODomainController><BackupTime><![CDATA[2022-02-14T18:39:46]]></BackupTime><ID><![CDATA[{3070A9C8-A346-4918-B02F-6603EC1F0E07}]]></ID><Comment><![CDATA[CIS Microsoft Server 2022 v1.0.0 NGWS Member Server]]></Comment><GPODisplayName><![CDATA[Windows Server 2022 MS NGWS]]></GPODisplayName></BackupInst></Backups>