<BackupInst xmlns="http://www.microsoft.com/GroupPolicy/GPOOperations/Manifest"><GPOGuid><![CDATA[{13E775AF-E2E7-4A59-9019-9D81C3C7613A}]]></GPOGuid><GPODomain><![CDATA[CIS.BM]]></GPODomain><GPODomainGuid><![CDATA[{09a94884-59a0-4a2a-8795-69a6bc23c4e7}]]></GPODomainGuid><GPODomainController><![CDATA[WindowsBMDC.CIS.BM]]></GPODomainController><BackupTime><![CDATA[2022-02-06T13:49:52]]></BackupTime><ID><![CDATA[{AA2FB4F6-C476-4BD0-87CF-52282AF69298}]]></ID><Comment><![CDATA[CIS Microsoft Windows 10 21H2 Next Generation Settings]]></Comment><GPODisplayName><![CDATA[Windows 10 21H2 NextGeneration]]></GPODisplayName></BackupInst>
