<Backups xmlns="http://www.microsoft.com/GroupPolicy/GPOOperations/Manifest" xmlns:mfst="http://www.microsoft.com/GroupPolicy/GPOOperations/Manifest" mfst:version="1.0"><BackupInst><GPOGuid><![CDATA[{4A86CCF9-913D-4090-B261-12DDF21AB221}]]></GPOGuid><GPODomain><![CDATA[CIS.BM]]></GPODomain><GPODomainGuid><![CDATA[{09a94884-59a0-4a2a-8795-69a6bc23c4e7}]]></GPODomainGuid><GPODomainController><![CDATA[WindowsBMDC.CIS.BM]]></GPODomainController><BackupTime><![CDATA[2022-02-06T13:50:13]]></BackupTime><ID><![CDATA[{38E54026-5D63-42CF-BD1C-C0609F579D59}]]></ID><Comment><![CDATA[CIS Microsoft Windows 10 21H2 Services Level 1 Settings]]></Comment><GPODisplayName><![CDATA[Windows 10 21H2 Services L1]]></GPODisplayName></BackupInst></Backups>