<Backups xmlns="http://www.microsoft.com/GroupPolicy/GPOOperations/Manifest" xmlns:mfst="http://www.microsoft.com/GroupPolicy/GPOOperations/Manifest" mfst:version="1.0"><BackupInst><GPOGuid><![CDATA[{22C786FF-E5DA-4631-BFB5-3D76122E6BFC}]]></GPOGuid><GPODomain><![CDATA[CIS.BM]]></GPODomain><GPODomainGuid><![CDATA[{09a94884-59a0-4a2a-8795-69a6bc23c4e7}]]></GPODomainGuid><GPODomainController><![CDATA[WindowsBMDC.CIS.BM]]></GPODomainController><BackupTime><![CDATA[2022-03-07T21:14:16]]></BackupTime><ID><![CDATA[{2ED82A4D-33FC-47D6-BAD8-7926E199F2D9}]]></ID><Comment><![CDATA[CIS Microsoft Windows Server 2019 (21H2) Member Server NG]]></Comment><GPODisplayName><![CDATA[Windows Server 2019 21H2 MS NGWS]]></GPODisplayName></BackupInst></Backups>