<BackupInst xmlns="http://www.microsoft.com/GroupPolicy/GPOOperations/Manifest"><GPOGuid><![CDATA[{EF5F241E-9613-4380-8BAF-61A603E592B3}]]></GPOGuid><GPODomain><![CDATA[CIS.BM]]></GPODomain><GPODomainGuid><![CDATA[{09a94884-59a0-4a2a-8795-69a6bc23c4e7}]]></GPODomainGuid><GPODomainController><![CDATA[WindowsBMDC.CIS.BM]]></GPODomainController><BackupTime><![CDATA[2022-03-07T21:16:06]]></BackupTime><ID><![CDATA[{DEA84556-9092-4ED3-8DE8-DF1B67F48A68}]]></ID><Comment><![CDATA[CIS Microsoft Windows Server 2019 (21H2) Member Server L1]]></Comment><GPODisplayName><![CDATA[Windows Server 2019 21H2 MS L1]]></GPODisplayName></BackupInst>
